{
    "EASY": 61.62889361381531,
    "MEDIUM": 125.5024926662445,
    "HARD": 172.38211846351624
}