{
    "EASY": 54.508140563964844,
    "MEDIUM": 48.43189024925232,
    "HARD": 61.496365547180176
}