{
    "Zero-Shot Prompts": {
        "id: 0": 58.864967823028564
    },
    "Few-Shot Prompts": {
        "id: 1": 158.15411114692688
    },
    "Chain-of-Thought Prompts": {
        "id: 2": 55.36191725730896
    },
    "Plan and Solve Prompts": {
        "id: 3": 57.14752149581909
    }
}