{
    "Zero-Shot Prompts": {
        "id: 0": 170.1893448829651
    },
    "Few-Shot Prompts": {
        "id: 1": 146.45551896095276
    },
    "Chain-of-Thought Prompts": {
        "id: 2": 148.6196482181549
    },
    "Plan and Solve Prompts": {
        "id: 3": 171.46775841712952
    }
}