{
    "Zero-Shot Prompts": {
        "id: 0": 113.37840509414673
    },
    "Few-Shot Prompts": {
        "id: 1": 89.23032665252686
    },
    "Chain-of-Thought Prompts": {
        "id: 2": 119.16469931602478
    },
    "Plan and Solve Prompts": {
        "id: 3": 138.36912870407104
    }
}